Title,Takeaway,Authors,Year,Citations,Abstract,Study Type,Journal,Journal SJR Quartile,DOI,Consensus Link
"LLM-Based Multi-Agent Systems for Software Engineering: Literature Review, Vision, and the Road Ahead","Integrating Large Language Models into Multi-Agent Systems enables autonomous problem-solving, improves robustness, and provides scalable solutions for managing complex software projects.","Junda He, Christoph Treude, David Lo",2024,144,"Integrating Large Language Models (LLMs) into autonomous agents marks a significant shift in the research landscape by offering cognitive abilities that are competitive with human planning and reasoning. This article explores the transformative potential of integrating Large Language Models into Multi-Agent (LMA) systems for addressing complex challenges in software engineering (SE). By leveraging the collaborative and specialized abilities of multiple agents, LMA systems enable autonomous problem-solving, improve robustness, and provide scalable solutions for managing the complexity of real-world software projects. In this article, we conduct a systematic review of recent primary studies to map the current landscape of LMA applications across various stages of the software development lifecycle (SDLC). To illustrate current capabilities and limitations, we perform two case studies to demonstrate the effectiveness of state-of-the-art LMA frameworks. Additionally, we identify critical research gaps and propose a comprehensive research agenda focused on enhancing individual agent capabilities and optimizing agent synergy. Our work outlines a forward-looking vision for developing fully autonomous, scalable, and trustworthy LMA systems, laying the foundation for the evolution of Software Engineering 2.0.","systematic review","ACM Transactions on Software Engineering and Methodology","1","10.1145/3712003","https://consensus.app/papers/llmbased-multiagent-systems-for-software-engineering-he-treude/797515474cd8578d87cee4eb3231428a/"
"Large Language Model-Based Agents for Software Engineering: A Survey","Large Language Model-based agents show remarkable effectiveness in Software Engineering, extending the versatility and expertise of LLMs by incorporating external resources and tools.","Junwei Liu, Kaixin Wang, Yixuan Chen, Xin Peng, Zhenpeng Chen, Lingming Zhang, Yiling Lou",2024,151,"The recent advance in Large Language Models (LLMs) has shaped a new paradigm of AI agents, i.e., LLM-based agents. Compared to standalone LLMs, LLM-based agents substantially extend the versatility and expertise of LLMs by enhancing LLMs with the capabilities of perceiving and utilizing external resources and tools. To date, LLM-based agents have been applied and shown remarkable effectiveness in Software Engineering (SE). The synergy between multiple agents and human interaction brings further promise in tackling complex real-world SE problems. In this work, we present a comprehensive and systematic survey on LLM-based agents for SE. We collect 124 papers and categorize them from two perspectives, i.e., the SE and agent perspectives. In addition, we discuss open challenges and future directions in this critical domain. The repository of this survey is at https://github.com/FudanSELab/Agent4SE-Paper-List.","literature review","ACM Transactions on Software Engineering and Methodology","1","10.48550/arxiv.2409.02977","https://consensus.app/papers/large-language-modelbased-agents-for-software-liu-wang/3fbdb20e973e517ea06d082a67a7e4cf/"
"MetaGPT: Meta Programming for Multi-Agent Collaborative Framework","MetaGPT enhances LLM-based multi-agent collaboration by incorporating efficient human workflows and domain expertise, resulting in more coherent and correct solutions compared to existing chat-based systems.","Sirui Hong, Xiawu Zheng, Jonathan P. Chen, Yuheng Cheng, Ceyao Zhang, Zili Wang, Steven Ka Shing Yau, Z. Lin, Liyang Zhou, Chenyu Ran, Lingfeng Xiao, Chenglin Wu",2023,1475,"Recently, remarkable progress has been made in automated task-solving through the use of multi-agent driven by large language models (LLMs). However, existing LLM-based multi-agent works primarily focus on solving simple dialogue tasks, and complex tasks are rarely studied, mainly due to the LLM hallucination problem. This type of hallucination becomes cascading when naively chaining multiple intelligent agents, resulting in a failure to effectively address complex problems. Therefore, we introduce MetaGPT, an innovative framework that incorporates efficient human workflows as a meta programming approach into LLM-based multi-agent collaboration. Specifically, MetaGPT encodes Standardized Operating Procedures (SOPs) into prompts to enhance structured coordination. Subsequently, it mandates modular outputs, empowering agents with domain expertise comparable to human professionals, to validate outputs and minimize compounded errors. In this way, MetaGPT leverages the assembly line paradigm to assign diverse roles to various agents, thereby establishing a framework that can effectively and cohesively deconstruct complex multi-agent collaborative problems. Our experiments on collaborative software engineering benchmarks demonstrate that MetaGPT generates more coherent and correct solutions compared to existing chat-based multi-agent systems. This highlights the potential of integrating human domain knowledge into multi-agent systems, thereby creating new opportunities to tackle complex real-world challenges. The GitHub repository of this project is publicly available on:https://github.com/geekan/MetaGPT.","","ArXiv","","10.48550/arxiv.2308.00352","https://consensus.app/papers/metagpt-meta-programming-for-multiagent-collaborative-hong-zheng/438146366118587eb033ac13d59d8b30/"
"MASAI: Modular Architecture for Software-engineering AI Agents","The Modular Architecture for Software-engineering AI (MASAI) agents, using LLM-powered sub-agents, achieves high performance on complex software engineering problems, outperforming other agentic methods.","Daman Arora, Atharv Sonwane, Nalin Wadhwa, Abhav Mehrotra, Saiteja Utpala, Ramakrishna Bairi, Aditya Kanade, Nagarajan Natarajan",2024,47,"A common method to solve complex problems in software engineering, is to divide the problem into multiple sub-problems. Inspired by this, we propose a Modular Architecture for Software-engineering AI (MASAI) agents, where different LLM-powered sub-agents are instantiated with well-defined objectives and strategies tuned to achieve those objectives. Our modular architecture offers several advantages: (1) employing and tuning different problem-solving strategies across sub-agents, (2) enabling sub-agents to gather information from different sources scattered throughout a repository, and (3) avoiding unnecessarily long trajectories which inflate costs and add extraneous context. MASAI enabled us to achieve the highest performance (28.33% resolution rate) on the popular and highly challenging SWE-bench Lite dataset consisting of 300 GitHub issues from 11 Python repositories. We conduct a comprehensive evaluation of MASAI relative to other agentic methods and analyze the effects of our design decisions and their contribution to the success of MASAI.","","ArXiv","","10.48550/arxiv.2406.11638","https://consensus.app/papers/masai-modular-architecture-for-softwareengineering-ai-arora-sonwane/337441251d5d58a785a8f867693b8719/"
"HyperAgent: Generalist Software Engineering Agents to Solve Coding Tasks at Scale","HyperAgent, a multi-agent system, effectively tackles diverse software engineering tasks across different programming languages, setting new benchmarks in various areas.","H. N. Phan, Phong X. Nguyen, Nghi D. Q. Bui",2024,34,"Large Language Models (LLMs) have revolutionized software engineering (SE), showcasing remarkable proficiency in various coding tasks. Despite recent advancements that have enabled the creation of autonomous software agents utilizing LLMs for end-to-end development tasks, these systems are typically designed for specific SE functions. We introduce HyperAgent, an innovative generalist multi-agent system designed to tackle a wide range of SE tasks across different programming languages by mimicking the workflows of human developers. HyperAgent features four specialized agents-Planner, Navigator, Code Editor, and Executor-capable of handling the entire lifecycle of SE tasks, from initial planning to final verification. HyperAgent sets new benchmarks in diverse SE tasks, including GitHub issue resolution on the renowned SWE-Bench benchmark, outperforming robust baselines. Furthermore, HyperAgent demonstrates exceptional performance in repository-level code generation (RepoExec) and fault localization and program repair (Defects4J), often surpassing state-of-the-art baselines.","","ArXiv","","10.48550/arxiv.2409.16299","https://consensus.app/papers/hyperagent-generalist-software-engineering-agents-to-phan-nguyen/1be9951746be5d498c12097c0aa3763e/"
"Agents in software engineering: survey, landscape, and vision","This paper surveys studies on combining Large Language Models (LLMs) with software engineering, presents a framework for LLM-based agents in SE, and proposes future opportunities to address challenges.","Yanlin Wang, Wanjun Zhong, Yanxian Huang, Ensheng Shi, Min Yang, Jiachi Chen, Hui Li, Yuchi Ma, Qianxiang Wang, Zibin Zheng",2024,55,"In recent years, Large Language Models (LLMs) have achieved remarkable success and have been widely used in various downstream tasks, especially in the tasks of the software engineering (SE) field. We find that many studies combining LLMs with SE have employed the concept of agents either explicitly or implicitly. However, there is a lack of an in-depth survey to sort out the development context of existing works, analyze how existing works combine the LLM-based agent technologies to optimize various tasks, and clarify the framework of LLM-based agents in SE. In this paper, we conduct the first survey of the studies on combining LLM-based agents with SE and present a framework of LLM-based agents in SE which includes three key modules: perception, memory, and action. We also summarize the current challenges in combining the two fields and propose future opportunities in response to existing challenges. We maintain a GitHub repository of the related papers at: https://github.com/DeepSoftwareAnalytics/Awesome-Agent4SE.","literature review","Automated Software Engineering","2","10.1007/s10515-025-00544-2","https://consensus.app/papers/agents-in-software-engineering-survey-landscape-and-wang-zhong/e1b018a4ba975861ab05a8ce815d35aa/"
"Large Language Model based Multi-Agents: A Survey of Progress and Challenges","Large Language Model-based multi-agent systems have advanced in complex problem-solving and world simulation, but face challenges in profiling, communication, and skill development.","Taicheng Guo, Xiuying Chen, Yaqi Wang, Ruidi Chang, Shichao Pei, N. Chawla, Olaf Wiest, Xiangliang Zhang",2024,761,"Large Language Models (LLMs) have achieved remarkable success across a wide array of tasks. Due to their notable capabilities in planning and reasoning, LLMs have been utilized as autonomous agents for the automatic execution of various tasks. Recently, LLM-based agent systems have rapidly evolved from single-agent planning or decision-making to operating as multi-agent systems, enhancing their ability in complex problem-solving and world simulation. To offer an overview of this dynamic field, we present this survey to offer an in-depth discussion on the essential aspects and challenges of LLM-based multi-agent (LLM-MA) systems. Our objective is to provide readers with an in-depth understanding of these key points: the domains and settings where LLM-MA systems operate or simulate; the profiling and communication methods of these agents; and the means by which these agents develop their skills. For those interested in delving into this field, we also summarize the commonly used datasets or benchmarks. To keep researchers updated on the latest studies, we maintain an open-source GitHub repository (github.com/taichengguo/LLM_MultiAgents_Survey_Papers), dedicated to outlining the research of LLM-MA research.","","","","10.48550/arxiv.2402.01680","https://consensus.app/papers/large-language-model-based-multiagents-a-survey-of-guo-chen/2aee6910ec3455fe8fcd0a6b0392f01e/"
"AgentCoder: Multi-Agent-based Code Generation with Iterative Testing and Optimisation","Multiagent-Code Generation (AgentCoder) improves code generation efficiency by balancing code snippet generation with effective test case generation and execution, outperforming existing models and techniques.","Dong Huang, Qingwen Bu, Jie M. Zhang, Michael Luck, Heming Cui",2023,312,"Advances in natural language processing (NLP) have been significantly boosted by the development of transformer-based large language models (LLMs). These models have revolutionized NLP tasks, particularly in code generation, aiding developers in creating software with enhanced efficiency. Despite their advances, challenges remain in balancing code snippet generation with effective test case generation and execution. To address these issues, this paper introduces Multiagent-Code Generation (AgentCoder), a novel solution comprising a multi-agent framework with specialized agents: the programmer agent, the test designer agent, and the test executor agent. During the coding procedure, the programmer agent focuses on the code generation and refinement based on the test executor agent’s feedback. The test designer agent generates test cases for the generated code, and the test executor agent runs the code with the test cases and writes feedback to the programmer. This collaborative system ensures more effective code generation, surpassing the limitations of single-agent models and previous strategies. Our extensive experiments on 12 LLMs and 13 optimisation approaches showcase AgentCoder’s superior performance over existing code generation models and prompt engineering techniques across various benchmarks. For example, AgentCoder achieves 77.4% and 89.1% pass@1 in HumanEval-ET and MBPP-ET with GPT-3.5, while state-of-the-art obtains only 69.5% and 63.0%.","","ArXiv","","10.48550/arxiv.2312.13010","https://consensus.app/papers/agentcoder-multiagentbased-code-generation-with-huang-bu/2c5b0ab8b7465224a3d62a2ffc132ade/"
"CodeAgent: Collaborative Agents for Software Engineering","CodeAgent is a multi-agent-based system for code review, enhancing collaboration interactions and ensuring software quality and reliability.","Daniel Tang, Zhenghan Chen, Kisub Kim, Yewei Song, Haoye Tian, Saad Ezzini, Yongfeng Huang, Jacques Klein, Tégawendé F. Bissyandé",2024,8,"Code review is a heavily collaborative process, which aims at ensuring the over-all quality and reliability of software. While it provides massive benefits, the implementation of code review in an organization faces several challenges that make its automation appealing. Automated code review tools have been around for a while and are now improving thanks to the adoption of novel AI models, which help can learn about standard practices and systematically check that the reviewed code adheres to them. Unfortunately, existing methods fall short: they often target a single input-output generative model, which cannot simulate the collaboration interactions in code review to account for various perspectives; they are also sub-performing on various critical code review sub-tasks. In this paper, we advance the state of the art in code review automation by introducing CodeAgent , a novel multi-agent-based system for code review. Funda-mentally, CodeAgent is steered by QA-Checker (short for “Question-Answer Checking""), a supervision agent, designed specifically to ensure that all agents’ contributions remain relevant to the initial review question. CodeAgent is autonomous, multi-agent, and Large language model-driven. To demonstrate the effectiveness of CodeAgent , we performed experiments to assess its capabilities in various tasks including 1) detection of inconsistencies between code changes and commit messages, 2) detection of vulnerability introduction by commits, and 3) validation of adherence to code style. Our website is accessed in https://code-agent-new.vercel.app/index.html .","","ArXiv","","10.48550/arxiv.2402.02172","https://consensus.app/papers/codeagent-collaborative-agents-for-software-engineering-tang-chen/78830b1c360a57c19334528065f9c6db/"
"AgentMesh: A Cooperative Multi-Agent Generative AI Framework for Software Development Automation","","Sourena Khanzadeh",2025,4,"Software development is a complex, multi-phase process traditionally requiring collaboration among individuals with diverse expertise. We propose AgentMesh, a Python-based framework that uses multiple cooperating LLM-powered agents to automate software development tasks. In AgentMesh, specialized agents - a Planner, Coder, Debugger, and Reviewer - work in concert to transform a high-level requirement into fully realized code. The Planner agent first decomposes user requests into concrete subtasks; the Coder agent implements each subtask in code; the Debugger agent tests and fixes the code; and the Reviewer agent validates the final output for correctness and quality. We describe the architecture and design of these agents and their communication, and provide implementation details including prompt strategies and workflow orchestration. A case study illustrates AgentMesh handling a non-trivial development request via sequential task planning, code generation, iterative debugging, and final code review. We discuss how dividing responsibilities among cooperative agents leverages the strengths of large language models while mitigating single-agent limitations. Finally, we examine current limitations - such as error propagation and context scaling - and outline future work toward more robust, scalable multi-agent AI systems for software engineering automation.","","ArXiv","","10.48550/arxiv.2507.19902","https://consensus.app/papers/agentmesh-a-cooperative-multiagent-generative-ai-khanzadeh/12dede864f08513a811c2514eba55815/"
"LLM Multi-Agent Systems: Challenges and Open Problems","Multi-agent systems can tackle complex tasks through agent collaboration, but challenges in optimizing task allocation, robust reasoning, managing context information, and enhancing memory management remain.","Shanshan Han, Qifan Zhang, Yuhang Yao, Weizhao Jin, Zhaozhuo Xu, Chaoyang He",2024,124,"This paper explores multi-agent systems and identify challenges that remain inadequately addressed. By leveraging the diverse capabilities and roles of individual agents, multi-agent systems can tackle complex tasks through agent collaboration. We discuss optimizing task allocation, fostering robust reasoning through iterative debates, managing complex and layered context information, and enhancing memory management to support the intricate interactions within multi-agent systems. We also explore potential applications of multi-agent systems in blockchain systems to shed light on their future development and application in real-world distributed systems.","","ArXiv","","10.48550/arxiv.2402.03578","https://consensus.app/papers/llm-multiagent-systems-challenges-and-open-problems-han-zhang/11595386be7351c0a6bd198c3736c39e/"
"Agent-based software engineering","This paper explores the challenges of specifying, refining, and verifying multi-agent systems in software engineering, highlighting open research issues for future research.","M. Wooldridge",1997,1863,"The technology of intelligent agents and multi-agent systems is expected to alter radically the way in which complex, distributed, open systems are conceptualised and implemented. The paper considers the problem of building a multi-agent system as a software engineering enterprise. Three issues are focused on: how agents might be specified; how these specifications might be refined or otherwise transformed into efficient implementations: and how implemented agents and multi-agent systems might subsequently be verified, to show that they are correct with respect to their specifications. These issues are discussed with reference to a number of case studies. The paper concludes by setting out some issues and open problems for future research.","","IEE Proc. Softw. Eng.","","10.1049/ip-sen:19971026","https://consensus.app/papers/agentbased-software-engineering-wooldridge/48e005b249475d40abfe87860666ad46/"
"Agent-Oriented Software Engineering: The State of the Art","Intelligent agents and multi-agent systems are effective tools for managing complexity in software systems, with prototype techniques for analysis, design, and implementation.","M. Wooldridge, P. Ciancarini",2009,528,"Software engineers continually strive to develop tools and techniques to manage the complexity that is inherent in software systems. In this article, we argue that intelligent agents and multi-agent systems are just such tools. We begin by reviewing what is meant by the term ""agent"", and contrast agents with objects.We then go on to examine a number of prototype techniques proposed for engineering agent systems, including methodologies for agent-oriented analysis and design, formal specification and verification methods for agent systems, and techniques for implementing agent specifications.","","","","10.1007/3-540-44564-1_1","https://consensus.app/papers/agentoriented-software-engineering-the-state-of-the-art-wooldridge-ciancarini/8cc45bc250b85ca0a514380db06e7e95/"
"Agent-Oriented Software Engineering","Agent-oriented software engineering aims to engineer complex, distributed systems using autonomous agents, but fundamental questions about their nature and use remain unanswered.","N. Jennings",1999,443,"Increasingly many computer systems are being viewed in terms of autonomous agents. Agents are being espoused as a new theoretical model of computation that more closely reflects current computing reality than Turing Machines. Agents are being advocated as the next generation model for engineering complex, distributed systems. Agents are also being used as an overarching framework for bringing together the component AI sub-disciplines that are necessary to design and build intelligent entities. Despite this intense interest, however, a number of fundamental questions about the nature and the use of agents remain unanswered. In particular:","","","","10.1007/3-540-48437-x_1","https://consensus.app/papers/agentoriented-software-engineering-jennings/33a4d75e07a8527e8b5649d3c9badab1/"
"On agent-based software engineering","Agent-based software engineering offers powerful capabilities for solving complex real-world problems, with autonomous agents able to complete objectives in dynamic environments and engage in rich social interactions.","N. Jennings",2000,903,"","","Artif. Intell.","1","10.1016/s0004-3702(99)00107-1","https://consensus.app/papers/on-agentbased-software-engineering-jennings/ff59067dc9e552a9b5c35a56add5edb0/"
"Multiagent Systems Engineering","The Multiagent Systems Engineering (MaSE) methodology effectively develops heterogeneous multiagent systems by using graphically based models to describe system goals, behaviors, agent types, and communication interfaces.","S. DeLoach, M. F. Wood, Clint H. Sparkman",2001,539,"This paper describes the Multiagent Systems Engineering (MaSE) methodology. MaSE is a general purpose, methodology for developing heterogeneous multiagent systems. MaSE uses a number of graphically based models to describe system goals, behaviors, agent types, and agent communication interfaces. MaSE also provides a way to specify architecture-independent detailed definition of the internal agent design. An example of applying the MaSE methodology is also presented.","","Int. J. Softw. Eng. Knowl. Eng.","3","10.1142/s0218194001000542","https://consensus.app/papers/multiagent-systems-engineering-deloach-wood/8ca1b483cc59574795a73a75868eece2/"
"Agent Oriented Software Engineering with INGENIAS","INGENIAS is a methodology and set of tools for developing multi-agent systems, considering organization, agent, tasks/goals, interactions, and environment.","J. Pavón, J. Gómez-Sanz",2003,330,"INGENIAS is both a methodology and a set of tools for development of multi-agent systems (MAS). As a methodology, it tries to integrate results from other proposals and considers the MAS from five complementary viewpoints: organization, agent, tasks/goals, interactions, and environment. It is supported by a set of tools for modelling (graphical editor), documentation and code generation (for different agent platforms). INGENIAS is the result of the experience developing MAS in different areas, such as workflow management systems, recommender systems, Robocode teams, and PC assistants","","","","10.1007/3-540-45023-8_38","https://consensus.app/papers/agent-oriented-software-engineering-with-ingenias-pavn-gmez-sanz/aaa6ca12d56f579fa7374cb2162e3e02/"
"Agent-Oriented Software Engineering for Internet Applications","Agent-oriented software engineering, focusing on coordination models and technologies, can significantly impact the development of complex Internet-based software systems.","F. Zambonelli, N. Jennings, Andrea Omicini, M. Wooldridge",2001,176,"The metaphors of autonomous agents and agent societies have the potential to make a signifiant impact in the processes of analysis, design and development of complex software systems on the Internet. In this chapter, we concentrate predominantly on agent societies, and show how work on coordination models and technologies provides a powerful framework for the engineering of Internet-based, multi-agent systems. First, we introduce the concepts of agent, multi-agent system, and agent-oriented software engineering, and highlight the specific issues that arise when we take the Internet as the environment that agents inhibit. We then provide a brief survey of the state of the art in the area of agent-oriented methodologies, paying particular attention to the Gaia methodology for agent-oriented analysis and design. Gaia was originally concieved for benevolent agents inhabiting closed systems. However, to broaden its scope, we show how insights from the area of coordination models can be incorporated in order to make it more suitable for developing Internet-based applications.","","","","10.1007/978-3-662-04401-8_13","https://consensus.app/papers/agentoriented-software-engineering-for-internet-zambonelli-jennings/2b69ae03cc75554ca4d884bb36de0ac2/"
"Agents in object‐oriented software engineering","This paper proposes an aspect-oriented approach for integrating agents into object-oriented software engineering, promoting separate handling of concerns and a disciplined scheme for their composition.","Alessandro F. Garcia, C. Lucena, D. Cowan",2004,54,"Software engineers of multi‐agent systems (MASs) are faced with different concerns such as autonomy, adaptation, interaction, collaboration, learning, and mobility, which are essentially different from classical concerns addressed in object‐oriented software engineering. MAS developers, however, have relied mostly on object‐oriented design techniques and programming languages, such as Java. This often leads to a poor separation of MAS concerns and in turn to the production of MASs that are difficult to maintain and reuse. This paper discusses software engineering approaches for MASs, and presents a new method for integrating agents into object‐oriented software engineering from an early stage of design. The proposed approach encourages the separate handling of MAS concerns, and provides a disciplined scheme for their composition. Our proposal explores the benefits of aspect‐oriented software development for the incorporation of agents into object‐oriented systems. We also illustrate our aspect‐oriented approach through the Portalware multi‐agent system, a Web‐based environment for the development of e‐commerce portals. Copyright © 2004 John Wiley & Sons, Ltd.","","Software: Practice and Experience","2","10.1002/spe.578","https://consensus.app/papers/agents-in-objectoriented-software-engineering-garcia-lucena/0b603c76772c5a9da7b82c8af4236b31/"
"Agyn: A Multi-Agent System for Team-Based Autonomous Software Engineering","Agyn, a multi-agent system that models software engineering as an organizational process, resolves 72.2% of tasks on SWE-bench 500, outperforming single-agent baselines using comparable language models.","Nikita Benkovich, Vitalii Valkov",2026,1,"Large language models have demonstrated strong capabilities in individual software engineering tasks, yet most autonomous systems still treat issue resolution as a monolithic or pipeline-based process. In contrast, real-world software development is organized as a collaborative activity carried out by teams following shared methodologies, with clear role separation, communication, and review. In this work, we present a fully automated multi-agent system that explicitly models software engineering as an organizational process, replicating the structure of an engineering team. Built on top of agyn, an open-source platform for configuring agent teams, our system assigns specialized agents to roles such as coordination, research, implementation, and review, provides them with isolated sandboxes for experimentation, and enables structured communication. The system follows a defined development methodology for working on issues, including analysis, task specification, pull request creation, and iterative review, and operates without any human intervention. Importantly, the system was designed for real production use and was not tuned for SWE-bench. When evaluated post hoc on SWE-bench 500, it resolves 72.2% of tasks, outperforming single-agent baselines using comparable language models. Our results suggest that replicating team structure, methodology, and communication is a powerful paradigm for autonomous software engineering, and that future progress may depend as much on organizational design and agent infrastructure as on model improvements.","","ArXiv","","10.48550/arxiv.2602.01465","https://consensus.app/papers/agyn-a-multiagent-system-for-teambased-autonomous-benkovich-valkov/7427f0b72cfd512f8280dfe4283511b4/"
"Towards LLM-augmented multiagent systems for agile software engineering","The CogniSim Ecosystem, integrating Multi-Agent Systems and Large Language Models, significantly improves software development processes by analyzing problems, proposing solutions, and coordinating specialized agents.","Konrad Cinkusz, Jarosław A. Chudziak",2024,20,"A cognitive multi-agent ecosystem designed for efficient software engineering using Agile methodologies can significantly improve software development processes. Key components include the integration of Multi-Agent Systems (MAS) and Large Language Models (LLMs), utilizing Dynamic Context techniques for agent profiling, and Theory of Mind to enhance collaboration. The CogniSim Ecosystem analyzes problems, proposes solutions, constructs and validates plans, and coordinates specialized agents playing roles such as developers, executors, quality checkers, and methodology reviewers. These agents produce documentation, models, and diagrams (e.g., UML) while adhering to predefined quality and performance measures. The ecosystem also simulates the impact of various team configurations on problem-solving effectiveness, helping organizations identify optimal team structures. Case studies and simulations demonstrate its practical applications.CCS CONCEPTS• Computing methodologies → Multi-agent systems; • Software and its engineering → Agile software development.","","2024 39th IEEE/ACM International Conference on Automated Software Engineering (ASE)","","10.1145/3691620.3695336","https://consensus.app/papers/towards-llmaugmented-multiagent-systems-for-agile-cinkusz-chudziak/fb767323410d586fa62ec650e3515632/"
"Experimenting with Multi-Agent Software Development: Towards a Unified Platform","A unified platform using multiple AI agents can automate software development, providing well-organized deliverables, security, compliance, and design optimizations.","Malik Abdul Sami, Muhammad Waseem, Zeeshan Rasheed, Mika Saari, Kari Systä, Pekka Abrahamsson",2024,12,"Large language models are redefining software engineering by implementing AI-powered techniques throughout the whole software development process, including requirement gathering, software architecture, code generation, testing, and deployment. However, it is still difficult to develop a cohesive platform that consistently produces the best outcomes across all stages. The objective of this study is to develop a unified platform that utilizes multiple artificial intelligence agents to automate the process of transforming user requirements into well-organized deliverables. These deliverables include user stories, prioritization, and UML sequence diagrams, along with the modular approach to APIs, unit tests, and end-to-end tests. Additionally, the platform will organize tasks, perform security and compliance, and suggest design patterns and improvements for non-functional requirements. We allow users to control and manage each phase according to their preferences. In addition, the platform provides security and compliance checks following European standards and proposes design optimizations. We use multiple models, such as GPT-3.5, GPT-4, and Llama3 to enable to generation of modular code as per user choice. The research also highlights the limitations and future research discussions to overall improve the software development life cycle. The source code for our uniform platform is hosted on GitHub, enabling additional experimentation and supporting both research and practical uses. \end","","ArXiv","","10.48550/arxiv.2406.05381","https://consensus.app/papers/experimenting-with-multiagent-software-development-sami-waseem/7643c3c90a7152a8999813fdd39344f3/"
"ChatDev: Communicative Agents for Software Development","ChatDev, a chat-powered software development framework, enables multi-agent collaboration and autonomous task-solving among large language model agents in design, coding, and testing phases.","Cheng Qian, Wei Liu, Hongzhang Liu, Nuo Chen, Yufan Dang, Jiahao Li, Cheng Yang, Weize Chen, Yusheng Su, X. Cong, Juyuan Xu, Dahai Li, Zhiyuan Liu, Maosong Sun",2023,603,"Software development is a complex task that necessitates cooperation among multiple members with diverse skills. Numerous studies used deep learning to improve specific phases in a waterfall model, such as design, coding, and testing. However, the deep learning model in each phase requires unique designs, leading to technical inconsistencies across various phases, which results in a fragmented and ineffective development process. In this paper, we introduce ChatDev, a chat-powered software development framework in which specialized agents driven by large language models (LLMs) are guided in what to communicate (via chat chain) and how to communicate (via communicative dehallucination). These agents actively contribute to the design, coding, and testing phases through unified language-based communication, with solutions derived from their multi-turn dialogues. We found their utilization of natural language is advantageous for system design, and communicating in programming language proves helpful in debugging. This paradigm demonstrates how linguistic communication facilitates multi-agent collaboration, establishing language as a unifying bridge for autonomous task-solving among LLM agents. The code and data are available at https://github.com/OpenBMB/ChatDev.","","","","10.18653/v1/2024.acl-long.810","https://consensus.app/papers/chatdev-communicative-agents-for-software-development-qian-liu/bd7abf58c62958e2a4c6c63f911bdab4/"
"Agent-Oriented Software Engineering","Multiagent Systems and Technologies (MAS&T) have successfully been deployed in a significant number of applications, mostly in niche markets, demonstrating usefulness for various sectors.","O. Shehory, Arnon Sturm",2014,214,"While there is ample evidence that Multiagent Systems and Technologies (MAS&T) are vigorous as a research area, it is unclear what practical application impact this research area has accomplished to date. In this chapter, we describe method and results of a survey aiming at a comprehensive and up-to-date overview of deployed examples of MAS&T. We collected and analyzed 152 applications, covering important perspectives, such as ownership, maturity, vertical sectors, and usage of programming languages and agent platforms. We conclude that MAS&T have been successfully deployed in a significant number of applications, though mostly in what could be called niche markets. Off the spotlights of mass markets and current funding buzzwords, it appears that MAS&T is useful for various sectors. Note: This is a preliminary authors’ copy of a paper to appear in the forthcoming book Agent-Oriented Software Engineering edited by Onn Shehory and Arnon Sturm, to be published in the Springer Software Engineering book series, see http://www.springer.com/computer/swe/book/978-3-642-54431-6. Please use the citation information provided on the official Springer site to refer to this paper.","","","","10.1007/978-3-642-54432-3","https://consensus.app/papers/agentoriented-software-engineering-shehory-sturm/734b65c3b4a553669a153afc4c3c7e3c/"
"LLM-Based Multi-Agent Systems for Software Engineering: Vision and the Road Ahead","LLM-based Multi-Agent systems offer enhanced robustness, autonomous problem-solving, and scalable solutions to complex software engineering challenges, offering a significant shift in research landscape.","Junda He, Christoph Treude, David Lo",2024,22,"Integrating Large Language Models(LLMs) intoautonomousagents marks a signiﬁcant shift in the research landscape by oﬀering cognitive abilities competitive to human planning and reasoning. This paper envisions the evolution of LLM-based Multi-Agent (LMA) systems in addressing complex and multi-faceted software engineering challenges. LMA systems introduce numerous beneﬁts, including enhanced robustness throughcollaborativecross-examination, autonomous problem-solving, and scalable solutions to complex software projects. By examining the role of LMA systems in future software engineering practices, this vision paper highlights the potential applications and emerging challenges. We further point to speciﬁc opportunities for research and conclude with a research agenda with a set of research questions to guide future research directions","","ArXiv","","10.48550/arxiv.2404.04834","https://consensus.app/papers/llmbased-multiagent-systems-for-software-engineering-he-treude/7e19cbb043f85cf4a5cb9466f04aa4e2/"
"Self-Organized Agents: A LLM Multi-Agent Framework toward Ultra Large-Scale Code Generation and Optimization","The Self-Organized multi-Agent framework (SoA) enables scalable and efficient large-scale code generation and optimization, with each agent handling less code but achieving greater overall code generation and accuracy.","Yoichi Ishibashi, Y. Nishimura",2024,86,"Recent advancements in automatic code generation using large language model (LLM) agent have brought us closer to the future of automated software development. However, existing single-agent approaches face limitations in generating and improving large-scale, complex codebases due to constraints in context length. To tackle this challenge, we propose Self-Organized multi-Agent framework (SoA), a novel multi-agent framework that enables the scalable and efficient generation and optimization of large-scale code. In SoA, self-organized agents operate independently to generate and modify code components while seamlessly collaborating to construct the overall codebase. A key feature of our framework is the automatic multiplication of agents based on problem complexity, allowing for dynamic scalability. This enables the overall code volume to be increased indefinitely according to the number of agents, while the amount of code managed by each agent remains constant. We evaluate SoA on the HumanEval benchmark and demonstrate that, compared to a single-agent system, each agent in SoA handles significantly less code, yet the overall generated code is substantially greater. Moreover, SoA surpasses the powerful single-agent baseline by 5% in terms of Pass@1 accuracy.","","ArXiv","","10.48550/arxiv.2404.02183","https://consensus.app/papers/selforganized-agents-a-llm-multiagent-framework-toward-ishibashi-nishimura/76a6e054ece9578ab2681e9d26edc1a2/"
"Engineering Multi-Agent Systems","MAS engineering offers opportunities and challenges in modern software engineering, blending cyber, physical, and social elements, while also addressing ethical issues in various domains.","Danny Weyns, Viviana Mascardi, Alessandro Ricci",2019,3,"Modern software-intensive systems are increasingly blending cyber, physical, and social elements, demanding higher degrees of autonomy and adaptability than ever before. In combination with the ever growing integration and scale of systems, and the inherent uncertainties modern systems face, the principles from MAS engineering remain particularly attractive for engineering systems in a wide variety of domains today. In this chapter, we reflect on the role and potential of MAS engineering on a selection of key facets that characterize modern software engineering practice. We focus at facets that we believe are important in relation to MAS engineering. Concretely, we look at agile development, Cloud and edge computing, distributed ledgers and blockchain, CyberPhysical Systems and Internet-of-Things, and finally green computing. For each of these facets we highlight opportunities to EMAS engineering, but also the challenges these facets raise. We conclude with highlighting a number of ethical issues that the engineers of modern software-intensive systems and thus also MAS will face in the years to come.","","","","10.1007/978-3-030-25693-7","https://consensus.app/papers/engineering-multiagent-systems-weyns-mascardi/9d5a0d46dc965ff7a3d6a07fecf9f528/"
"Engineering Multi-Agent Systems","The 6th International Workshop on Engineering Multi-Agent Systems (EMAS 2018) discussed challenges and opportunities in designing, implementing, and maintaining large-scale and open multi-agent systems.","V. Mascardi, Danny Weyns, A. Ricci, Clara Benac Earle, Arthur Casals, Moharram Challenger, Amit K. Chopra, A. Ciortea, Louise Dennis, Álvaro Fernández Díaz, A. E. Fallah-Seghrouchni, Angelo Ferrando, Lars-Åke Fredlund, Eleonora Giunchiglia, Z. Guessoum, Akin Günay, K. Hindriks, C. Iglesias, B. Logan, Timotheus Kampik, G. Kardas, V. J. Koeman, John Bruntse Larsen, S. Mayer, Tasio Méndez, J. Nieves, V. Seidita, Baris Tekin Tezel, L. Varga, M. Winikoff",2019,20,"The continuous integration of software-intensive systems together with the ever-increasing computing power offer a breeding ground for intelligent agents and multi-agent systems (MAS) more than ever before. Over the past two decades, a wide variety of languages, models, techniques and methodologies have been proposed to engineer agents and MAS. Despite this substantial body of knowledge and expertise, the systematic engineering of large-scale and open MAS still poses many challenges. Researchers and engineers still face fundamental questions regarding theories, architectures, languages, processes, and platforms for designing, implementing, running, maintaining, and evolving MAS. This paper reports on the results of the 6th International Workshop on Engineering Multi-Agent Systems (EMAS 2018, 14th-15th of July, 2018, Stockholm, Sweden), where participants discussed the issues above focusing on the state of affairs and the road ahead for researchers and engineers in this area.","","ACM SIGSOFT Software Engineering Notes","","10.1145/3310013.3322175","https://consensus.app/papers/engineering-multiagent-systems-mascardi-weyns/3d28b9db9b2f5a00b66d47ec3f3e53c5/"
"SWE-Search: Enhancing Software Agents with Monte Carlo Tree Search and Iterative Refinement","SWE-Search, a multi-agent framework, improves software agents' performance on repository-level tasks by integrating Monte Carlo Tree Search and self-improvement mechanisms.","Antonis Antoniades, Albert Örwall, Kexun Zhang, Yuxi Xie, Anirudh Goyal, W. Wang",2024,81,"Software engineers operating in complex and dynamic environments must continuously adapt to evolving requirements, learn iteratively from experience, and reconsider their approaches based on new insights. However, current large language model (LLM)-based software agents often follow linear, sequential processes that prevent backtracking and exploration of alternative solutions, limiting their ability to rethink their strategies when initial approaches prove ineffective. To address these challenges, we propose SWE-Search, a multi-agent framework that integrates Monte Carlo Tree Search (MCTS) with a self-improvement mechanism to enhance software agents' performance on repository-level software tasks. SWE-Search extends traditional MCTS by incorporating a hybrid value function that leverages LLMs for both numerical value estimation and qualitative evaluation. This enables self-feedback loops where agents iteratively refine their strategies based on both quantitative numerical evaluations and qualitative natural language assessments of pursued trajectories. The framework includes a SWE-Agent for adaptive exploration, a Value Agent for iterative feedback, and a Discriminator Agent that facilitates multi-agent debate for collaborative decision-making. Applied to the SWE-bench benchmark, our approach demonstrates a 23% relative improvement in performance across five models compared to standard open-source agents without MCTS. Our analysis reveals how performance scales with increased inference-time compute through deeper search, providing a pathway to improve software agents without requiring larger models or additional training data. This highlights the potential of self-evaluation driven search techniques in complex software engineering environments.","","ArXiv","","10.48550/arxiv.2410.20285","https://consensus.app/papers/swesearch-enhancing-software-agents-with-monte-carlo-tree-antoniades-rwall/6846585aa5c258c7b09b5abbddef1f0c/"
"Challenges and Research Directions in Agent-Oriented Software Engineering","This paper identifies key issues in agent-based software engineering at micro, macro, and meso scales, highlighting key research challenges and promising research directions for future exploration.","F. Zambonelli, Andrea Omicini",2004,294,"Agent-based computing is a promising approach for developing applications in complex domains. However, despite the great deal of research in the area, a number of challenges still need to be faced (i) to make agent-based computing a widely accepted paradigm in software engineering practice, and (ii) to turn agent-oriented software abstractions into practical tools for facing the complexity of modern application areas. In this paper, after a short introduction to the key concepts of agent-based computing (as they pertain to software engineering), we characterise the emerging key issues in multiagent systems (MASs) engineering. In particular, we show that such issues can be analysed in terms of three different “scales of observation”, i.e., in analogy with the scales of observation of physical phenomena, in terms of micro, macro, and meso scales. Based on this characterisation, we discuss, for each scale of observation, what are the peculiar engineering issues arising, the key research challenges to be solved, and the most promising research directions to be explored in the future.","","Autonomous Agents and Multi-Agent Systems","2","10.1023/b:agnt.0000038028.66672.1e","https://consensus.app/papers/challenges-and-research-directions-in-agentoriented-zambonelli-omicini/b943f4a852305d3baaa584001b47a124/"
"The autonomous agent and multi-agent paradigm in software engineering","Autonomous agents and multi-agent systems in software engineering help understand, model, and develop software systems for applications where a single ""authority"" cannot fully control the system.","L. Varga",2021,0,". Research on distributed artiﬁcial intelligence became a large ﬁeld of research which is nowadays called autonomous agent and multi-agent system research. The autonomous agent and multi-agent paradigm helps a lot to understand, model and develop software systems for applications where the whole system, or the diﬀerent parts of the system cannot be under the direct control of a single “authority”. This paper overviews the main characteristics of autonomous agents and multi-agent systems, as well as their relation to the basic theoretical aspects of software engineering. The paper discusses the problems of complex multi-agent problem solving, and in particular the online routing game model.","","Annales Universitatis Scientiarum Budapestinensis de Rolando Eötvös Nominatae. Sectio computatorica","","10.71352/ac.52.349","https://consensus.app/papers/the-autonomous-agent-and-multiagent-paradigm-in-software-varga/39f6383949ef5f41906b73ff915793ce/"
"Diversity Empowers Intelligence: Integrating Expertise of Software Engineering Agents","DEI, a framework that manages diverse software engineering agents, can significantly improve problem-solving performance by combining their unique expertise.","Kexun Zhang, Weiran Yao, Zuxin Liu, Yihao Feng, Zhiwei Liu, Rithesh Murthy, Tian Lan, Lei Li, Renze Lou, Jiacheng Xu, Bo Pang, Yingbo Zhou, Shelby Heinecke, Silvio Savarese, Huan Wang, Caiming Xiong",2024,42,"Large language model (LLM) agents have shown great potential in solving real-world software engineering (SWE) problems. The most advanced open-source SWE agent can resolve over 27% of real GitHub issues in SWE-Bench Lite. However, these sophisticated agent frameworks exhibit varying strengths, excelling in certain tasks while underperforming in others. To fully harness the diversity of these agents, we propose DEI (Diversity Empowered Intelligence), a framework that leverages their unique expertise. DEI functions as a meta-module atop existing SWE agent frameworks, managing agent collectives for enhanced problem-solving. Experimental results show that a DEI-guided committee of agents is able to surpass the best individual agent's performance by a large margin. For instance, a group of open-source SWE agents, with a maximum individual resolve rate of 27.3% on SWE-Bench Lite, can achieve a 34.3% resolve rate with DEI, making a 25% improvement and beating most closed-source solutions. Our best-performing group excels with a 55% resolve rate, securing the highest ranking on SWE-Bench Lite. Our findings contribute to the growing body of research on collaborative AI systems and their potential to solve complex software engineering challenges.","","ArXiv","","10.48550/arxiv.2408.07060","https://consensus.app/papers/diversity-empowers-intelligence-integrating-expertise-zhang-yao/f6bec70f083751a699c97d5cb10b5531/"
"MULTI-AGENT BASED SOFTWARE ENGINEERING MODELS: A REVIEW","The agentology model is an adaptable and flexible methodology for developing multi-agent based software prototypes, combining best practices from various agent-oriented methodologies.","Dr. Adetokunbo MacGregor John-Otumu, Ojieabu Clement",2017,0,"This paper critically examined nine different software models for modeling / developing multi-agent based systems. The study revealed that the different models examined have their various advantages / disadvantages and uniqueness in terms of practical development/deployment of the multi-agent based information system in question. The agentology model is one methodology that can be easily adopted or adapted for the development of any multi-agent based software prototype because it was inspired by the best practices and good ideas contained in other agent oriented methodologies like CoMoMas, MASE, GAIA, Prometheus, HIM, MASim and Tropos.","literature review","","","","https://consensus.app/papers/multiagent-based-software-engineering-models-a-review-john-otumu-clement/944013099ff85e9ca508303637fd2ea0/"
"A Systematic Review about Requirements Engineering Processes for Multi-Agent Systems","Multi-agent systems require specific requirements engineering processes, with current development processes not fully supporting the BDI model.","G. Mendonça, Iderli Pereira de Souza Filho, G. Guedes",2021,7,"Requirements engineering is a crucial phase for the software development process, including multi-agent systems. This particular kind of software is composed by agents, autonomous and pro-active entities which can collaborate among themselves to achieve a given goal. However, multi-agent systems have some particular requirements that are not normally found in other software. Taking this into consideration, this paper aims to determine the actual state of the development processes which support requirements engineering for multiagent systems by means of a systematic review, highlighting the requirements engineering coverage and its support to the BDI model.","systematic review","","","10.5220/0010240500690079","https://consensus.app/papers/a-systematic-review-about-requirements-engineering-mendon%C3%A7a-filho/19ab41f97fc655089db161980e14c6e3/"
"Model-driven engineering of multi-agent systems based on ontologies","Combining model-driven engineering and ontologies can significantly improve the development of multi-agent systems.","Artur Freitas, Rafael Heitor Bordini, R. Vieira",2017,20,"Model-driven engineering provides abstractions and notations to improve the understanding and to support modeling, coding, and verification of applications for specific domains. Ontologies, on the other hand, provide formal and explicit definitions of shared conceptualizations and enable the use of semantic reasoning. Although these areas have been developed by different communities, significant synergy can be achieved when both are combined. These advantages can be explored in the development of multi-agent systems, given their complexity and the need for integrating several components that are often addressed from different angles. This work investigates how to apply ontologies for agent-oriented software engineering. Initially, we present a new modeling approach where multi-agent systems are designed by instantiating our proposed ontology. An additional contribution is a tool that uses instantiated ontological designs to generate programming code for such systems. Several advantages can be obtained from the application of our ontology-based approach, in terms of specification, development, and verification of agent-oriented software, as indicated by the experiments we have carried out.","","Applied Ontology","1","10.3233/ao-170182","https://consensus.app/papers/modeldriven-engineering-of-multiagent-systems-based-on-freitas-bordini/1f57d7e59fc956839072c0279c1ff2b5/"
"Methods and Techniques of Agentic Software Engineering: A Systematic Literature Review","Agentic software engineering, using large language models and AI, shows potential in improving software development productivity, code quality, and process automation, while addressing challenges like coordination and ethical issues.","Nesreen A. Otoum, Nuha Elkhalili",2026,0,"The development of agentic software engineering (ASE) is shifting the software development process, specifically by adopting autonomous agents into the fundamental software development process, where autonomous agents using large language models (LLMs) and artificial intelligence (AI) make decisions, write code, and collaborate across the entire software development lifecycle. The systematic review is a summary of literature on the agentic software engineering methodologies, frameworks, and techniques published in 2022-2025. We identify and compare methods based on autonomous coding, multi-agent systems, iterative refinement, and human-agent collaboration, drawing on 61 high-quality studies. We find that LLM-based agents show substantial potential in automated software engineering and that recent work is exploring new trends in agent cooperation, reasoning systems, and tool integration. We recognize such key challenges as the coordination procedures, reliability, explainability, and the ethical issues. This review characterizes the emerging role of agentic software engineering in improving the productivity of developers, the quality of their code, and the automation of their processes, and it offers a structured roadmap for future research. With the rapid evolution of the field, agentic approaches will tend to transform the conception, creation, and maintenance of software and provide more autonomous, adaptive, and intelligent systems.","","IEEE Access","1","10.1109/access.2026.3652325","https://consensus.app/papers/details/7bc228f9a0475ccda9b53c46e9d56594/"
"An Overview of the Multiagent Systems Engineering Methodology","The Multiagent Systems Engineering Methodology aims to design complex distributed software by coordinating local behavior of individual agents in heterogeneous environments.","M. F. Wood, S. DeLoach",2001,372,"To solve complex problems, agents work cooperatively with other agents in heterogeneous environments. We are interested in coordinating the local behavior of individual agents to provide an appropriate system-level behavior. The use of intelligent agents provides an even greater amount of flexibility to the ability and configuration of the system itself. With these new intricacies, software development is becoming increasingly difficult. Therefore, it is critical that our processes for building the inherently complex distributed software that must run in this environment be adequate for the task. This paper introduces a methodology for designing these systems of interacting agents.","","","","10.1007/3-540-44564-1_14","https://consensus.app/papers/an-overview-of-the-multiagent-systems-engineering-wood-deloach/f7df3cb605dc575bb047b6b5035bdecb/"
"Multi-Agent Systems: A Survey About Its Components, Framework and Workflow","The FC-MAS model simplifies and standardizes multi-agent systems implementation in engineering applications, incorporating five abstract layers and a structured workflow for centralized and distributed schemes.","D. Maldonado, E. Cruz, Jackeline Abad Torres, P. Cruz, Silvana del Pilar Gamboa Benitez",2024,43,"With the rapid technological advancements and the ever-evolving complex systems, the identification and integration of the components and resources for the functioning of multi-agent systems (MAS) are crucial tasks. However, difficulties arise due to the complexity of not having reference frameworks that normalize their implementation. Therefore, in this survey, we propose the FC-MAS (Framework-Components in Multi-Agent System) model as a conceptual framework designed to simplify comprehension and standardization in incorporating the required functions and components for the deployment and operation of MAS in engineering applications. This model comprises five abstract layers, each of which serves a specific purpose and encompasses the details and resources required to operate MAS. Furthermore, we propose a structured workflow for centralized and distributed MAS schemes with a set of related activities that integrate the fundamental steps and stages for the successful implementation of MAS. Finally, this work discusses potential directions for future research, including a deeper exploration of essential components, the establishment of terminology standards across various domains, and the refinement of the proposed model to enhance its applicability and relevance across a broader spectrum of contexts.","","IEEE Access","1","10.1109/access.2024.3409051","https://consensus.app/papers/multiagent-systems-a-survey-about-its-components-maldonado-cruz/d6054e9ef1a05b1482aada1a971dc090/"
"Multi-Agent Systems","FIRE, an integrated trust and reputation model, effectively assesses an agent's performance in open multi-agent systems, helping them gain better utility and adapt to changes in their environment.","Vicente Julián, V. Botti",2018,363,"With the current advance of technology, agent-based applications are becoming a standard in a great variety of domains such as e-commerce, logistics, supply chain management, telecommunications, healthcare, and manufacturing. Another reason for the widespread interest in multi-agent systems is that these systems are seen as a technology and a tool that helps in the analysis and development of new models and theories in large-scale distributed systems or in human-centered systems. This last aspect is currently of great interest due to the need for democratization in the use of technology that allows people without technical preparation to interact with the devices in a simple and coherent way. In this Special Issue, different interesting approaches that advance this research discipline have been selected and presented.","","Advanced Artificial Intelligence","","10.1007/978-3-030-14174-5","https://consensus.app/papers/multiagent-systems-julin-botti/582807df7e3455b58d946c92a88278a7/"
"Software agents","Agent-based software engineering enables interoperable software by writing application programs as software agents that communicate with peers using an expressive agent communication language.","M. Genesereth, Steven P. Ketchpel",1994,2742,"The software world is one of great richness and diversity. Many thousands of software products are available to users today, providing a wide variety of information and services in a wide variety of domains. While most of these programs provide their users with significant value when used in isolation, there is increasing demand for programs that can interoperate – to exchange information and services with other programs and thereby solve problems that cannot be solved alone. Part of what makes interoperation difficult is heterogeneity. Programs are written by different people, at different times, in different languages; and, as a result, they often provide different interfaces. The difficulties created by heterogeneity are exacerbated by dynamics in the software environment. Programs are frequently rewritten; new programs are added; old programs removed. Agent-based software engineering was invented to facilitate the creation of software able to interoperate in such settings. In this approach to software development, application programs are written as software agents, i.e. software “components” that communicate with their peers by exchanging messages in an expressive agent communication language. Agents can be as simple as subroutines; but typically they are larger entities with some sort of persistent control (e.g. distinct control threads within a single address space, distinct processes on a single machine, or separate processes on different machines). The salient feature of the language used by agents is its expressiveness. It allows for the exchange of data and logical information, individual commands and scripts (i.e. programs). Using this language, agents can communicate complex information and goals, directly or indirectly “programming” each other in useful ways. Agent-based software engineering is often compared to object-oriented programming. Like an “object”, an agent provides a message-based interface independent of its internal data structures and algorithms. The primary difference between the two approaches lies in the language of the interface. In general object-oriented programming, the meaning of a message can vary from one object to another. In agent-based software engineering, agents use a common language with an agent-independent semantics. The concept of agent-based software engineering raises a number of important questions.","","Commun. ACM","","10.1145/176789.176794","https://consensus.app/papers/software-agents-genesereth-ketchpel/f1a2eb356dd35cecb9ddf49dfb89cadb/"
"LLM-Based Agentic Systems for Software Engineering: Challenges and Opportunities","LLM-based multi-agent systems show promise in software engineering, but face challenges in multi-agent coordination, computational cost optimization, and effective data collection.","Yongjian Tang, Thomas Runkler",2026,0,"Despite recent advancements in Large Language Models (LLMs), complex Software Engineering (SE) tasks require more collaborative and specialized approaches. This concept paper systematically reviews the emerging paradigm of LLM-based multi-agent systems, examining their applications across the Software Development Life Cycle (SDLC), from requirements engineering and code generation to static code checking, testing, and debugging. We delve into a wide range of topics such as language model selection, SE evaluation benchmarks, state-of-the-art agentic frameworks and communication protocols. Furthermore, we identify key challenges and outline future research opportunities, with a focus on multi-agent orchestration, human-agent coordination, computational cost optimization, and effective data collection. This work aims to provide researchers and practitioners with valuable insights into the current forefront landscape of agentic systems within the software engineering domain.","","ArXiv","","10.48550/arxiv.2601.09822","https://consensus.app/papers/llmbased-agentic-systems-for-software-engineering-tang-runkler/498d837b682d59338def94b55f9f0c5b/"
"Multiagent Systems","This book provides a comprehensive introduction to multiagent systems, covering theory and practice, and serves as a valuable resource for students and researchers in the field.","Gerhard Weiss",2009,1407,"Multiagent systems are made up of multiple interacting intelligent agents -- computational entities to some degree autonomous and able to cooperate, compete, communicate, act flexibly, and exercise control over their behavior within the frame of their objectives. They are the enabling technology for a wide range of advanced applications relying on distributed and parallel processing of data, information, and knowledge relevant in domains ranging from industrial manufacturing to e-commerce to health care. This book offers a state-of-the-art introduction to multiagent systems, covering the field in both breadth and depth, and treating both theory and practice. It is suitable for classroom use or independent study. This second edition has been completely revised, capturing the tremendous developments in multiagent systems since the first edition appeared in 1999. Sixteen of the book's seventeen chapters were written for this edition; all chapters are by leaders in the field, with each author contributing to the broad base of knowledge and experience on which the book rests. The book covers basic concepts of computational agency from the perspective of both individual agents and agent organizations; communication among agents; coordination among agents; distributed cognition; development and engineering of multiagent systems; and background knowledge in logics and game theory. Each chapter includes references, many illustrations and examples, and exercises of varying degrees of difficulty. The chapters and the overall book are designed to be self-contained and understandable without additional material. Supplemental resources are available on the book's Web site. Contributors:Rafael Bordini, Felix Brandt, Amit Chopra, Vincent Conitzer, Virginia Dignum, Jurgen Dix, Ed Durfee, Edith Elkind, Ulle Endriss, Alessandro Farinelli, Shaheen Fatima, Michael Fisher, Nicholas R. Jennings, Kevin Leyton-Brown, Evangelos Markakis, Lin Padgham, Julian Padget, Iyad Rahwan, Talal Rahwan, Alex Rogers, Jordi Sabater-Mir, Yoav Shoham, Munindar P. Singh, Kagan Tumer, Karl Tuyls, Wiebe van der Hoek, Laurent Vercouter, Meritxell Vinyals, Michael Winikoff, Michael Wooldridge, Shlomo Zilberstein","","","","10.5772/3469","https://consensus.app/papers/multiagent-systems-weiss/568954d7b8075282b87aaa4b19aa180a/"
"30 Years of Engineering Multi-Agent Systems: What and Why?","Engineering Multi-Agent Systems (EMAS) research has been around for 30 years, providing software engineers with the tools and knowledge to effectively develop multi-agent systems.","Michael Winikoff",2024,0,"Research on Engineering Multi-Agent Systems (EMAS) aims to provide software engineers with what they need to be able to effectively develop multi-agent systems. The field is broad, covering foundational concepts, notations, processes, techniques, tools, and languages. Although it is difficult to pin down a precise year, it can be argued that the community is now 30 years old [1]. This talk will review where the field is, and outline some challenges and future directions. In addition to answering the question ""What is EMAS?"" the talk aims to raise the profile of the field and the community, answering the question ""Why should I care?"".","","","","10.5555/3635637.3662844","https://consensus.app/papers/30-years-of-engineering-multiagent-systems-what-and-why-winikoff/cfd3c2696e20504385012b8868f1205e/"
"Multi-Agent Programming: Languages, Tools and Applications","This paper presents a comprehensive overview of multi-agent programming languages, platforms, development tools, and realistic applications, making it accessible for professionals and students at all levels.","Rafael Heitor Bordini, M. Dastani, J. Dix, A. E. Seghrouchni",2009,426,"Multi-Agent Systems are a promising technology to develop the next generation open distributed complex software systems. The main focus of the research community has been on the development of concepts (concerning both mental and social attitudes), architectures, techniques, and general approaches to the analysis and specification of multi-agent systems. This contribution has been fragmented, without any clear way of 'putting it all together', rendering it inaccessible to students and young researchers, non-experts, and practitioners. Successful multi-agent systems development is guaranteed only if we can bridge the gap from analysis and design to effective implementation. ""Multi-Agent Programming: Languages, Tools and Applications"" presents a number of mature and influential multi-agent programming languages, platforms, development tools and methodologies, and realistic applications, summarizing the state of the art in an accessible manner for professionals and computer science students at all levels.","","","","10.1007/b137449","https://consensus.app/papers/multiagent-programming-languages-tools-and-applications-bordini-dastani/4471e608446057ceb655c43e60d546ea/"
"Aime: Towards Fully-Autonomous Multi-Agent Framework","Aime, a novel multi-agent framework, improves adaptability and robustness in dynamic environments by implementing dynamic planning and execution, enhancing multi-agent collaboration.","Yexuan Shi, Mingyue Wang, Yunxiang Cao, Hongjie Lai, Jun Lan, Xin Han, Yu Wang, J. Geng, Zhenan Li, Zihao Xia, Xiang Chen, Chen Li, Jian Xu, Wenbo Duan, Yuanshuo Zhu",2025,4,"Multi-Agent Systems (MAS) powered by Large Language Models (LLMs) are emerging as a powerful paradigm for solving complex, multifaceted problems. However, the potential of these systems is often constrained by the prevalent plan-and-execute framework, which suffers from critical limitations: rigid plan execution, static agent capabilities, and inefficient communication. These weaknesses hinder their adaptability and robustness in dynamic environments. This paper introduces Aime, a novel multi-agent framework designed to overcome these challenges through dynamic, reactive planning and execution. Aime replaces the conventional static workflow with a fluid and adaptive architecture. Its core innovations include: (1) a Dynamic Planner that continuously refines the overall strategy based on real-time execution feedback; (2) an Actor Factory that implements Dynamic Actor instantiation, assembling specialized agents on-demand with tailored tools and knowledge; and (3) a centralized Progress Management Module that serves as a single source of truth for coherent, system-wide state awareness. We empirically evaluated Aime on a diverse suite of benchmarks spanning general reasoning (GAIA), software engineering (SWE-bench Verified), and live web navigation (WebVoyager). The results demonstrate that Aime consistently outperforms even highly specialized state-of-the-art agents in their respective domains. Its superior adaptability and task success rate establish Aime as a more resilient and effective foundation for multi-agent collaboration.","","ArXiv","","10.48550/arxiv.2507.11988","https://consensus.app/papers/aime-towards-fullyautonomous-multiagent-framework-shi-wang/d863ca66a8fe588c8f32e1a52ca35985/"
"Special Issue “Advances in Multi-Agent Systems”: Editorial","This Special Issue highlights diverse advancements in multi-agent systems, enabling their use in diverse applications and business domains, with AI techniques further enhancing their cognitive capabilities.","S. Mariani, Andrea Omicini",2023,2,"Multi-agent systems (MAS) are collections of autonomous computational entities (the agents) capable of pro-actively pursuing goals and re-actively adapting to environment change. Agents in MAS exploit their social abilities, interacting with peers, and their situated capabilities as well, by perceiving and acting on the world around them. From distributed computing to intelligent systems, the relevance of agents and MAS as software abstractions is steadily growing as they are extensively and increasingly used to model, simulate, and build heterogeneous systems across a huge variety of diverse application scenarios and business domains, ranging from industrial manufacturing to robotics, from social simulation to applications, and more. The recent, renewed popularity of AI techniques has further spread the adoption of MAS, focusing in particular on the cognitive capabilities of agents, so that intelligent systems can be modelled and built as MAS. Along those lines, this Special Issue gathers five contributions that well represent the many diverse advancements that are currently ongoing in the MAS field.","","Applied Sciences","2","10.3390/app13053027","https://consensus.app/papers/special-issue-advances-in-multiagent-systems-editorial-mariani-omicini/464e2c6c07fd56f7bdb4792418a66aab/"
"Advancing Multi-Agent Systems Through Model Context Protocol: Architecture, Implementation, and Applications","The Model Context Protocol (MCP) significantly improves multi-agent systems' performance in complex problem-solving and collaboration, addressing challenges in context management and coordination efficiency.","Naveen Krishnan",2025,38,"Multi-agent systems represent a significant advancement in artificial intelligence, enabling complex problem-solving through coordinated specialized agents. However, these systems face fundamental challenges in context management, coordination efficiency, and scalable operation. This paper introduces a comprehensive framework for advancing multi-agent systems through Model Context Protocol (MCP), addressing these challenges through standardized context sharing and coordination mechanisms. We extend previous work on AI agent architectures by developing a unified theoretical foundation, advanced context management techniques, and scalable coordination patterns. Through detailed implementation case studies across enterprise knowledge management, collaborative research, and distributed problem-solving domains, we demonstrate significant performance improvements compared to traditional approaches. Our evaluation methodology provides a systematic assessment framework with benchmark tasks and datasets specifically designed for multi-agent systems. We identify current limitations, emerging research opportunities, and potential transformative applications across industries. This work contributes to the evolution of more capable, collaborative, and context-aware artificial intelligence systems that can effectively address complex real-world challenges.","","ArXiv","","10.48550/arxiv.2504.21030","https://consensus.app/papers/advancing-multiagent-systems-through-model-context-krishnan/1f2fd8834df65cd08a5f5e6a84197306/"
"Multi-Agent System Engineering","Integrating behavioral requirements and scenarios into multi-agent system design improves compositional verification and benefits compositional verification in the development of a mediating information agent.","F. Garijo, M. Boman",1999,93,"In this paper it is shown how informal and formal specification of behavioural requirements and scenarios for agents and multi-agent systems can be integrated within multi-agent system design. In particular, it is addressed how a compositional perspective both on design descriptions and specification of behavioural requirements can be exploited. The approach has been applied in a case study: the development of a mediating information agent. It is shown that compositional verification benefits from the integration of requirements engineering within the design process.","","","","10.1007/3-540-48437-x","https://consensus.app/papers/multiagent-system-engineering-garijo-boman/84e277ec782e5860995188026f5cf4ce/"
"Multi-Agent LLM Collaboration for Adaptive Code Review, Debugging, and Security Analysis","FAISS-based memory significantly improves AI-assisted development by minimizing redundant feedback and adapting to user-specific coding styles.","Tanush Sharanarthi, Sreenidhi Polineni",2025,3,"Automated code review systems have improved software development, yet many lack contextual awareness, leading to redundant feedback and limited adaptability to user-specific coding styles. This paper presents a multi-agent AI-driven framework that leverages FAISS-based memory to improve review efficiency, personalization, and collaboration. The system integrates code review, bug detection, and security analysis agents, operating independently and interactively to analyze and refine code submissions. A feedback mechanism enables users to influence future AI suggestions, ensuring that recommendations evolve based on individual preferences and past interactions. Through structured experiments, we evaluated the impact of FAISS memory on the reduction of redundant feedback, evaluated the effectiveness of collaborative agent execution, and measured the system’s ability to adapt to coding patterns over time. The results indicate that the incorporation of FAISS significantly improves AI-assisted development by minimizing unnecessary repetitions while maintaining essential corrective feedback. This research demonstrates the potential of adaptive AI systems in software engineering, contributing to more intelligent, context-aware, and efficient code review methodologies.","","2025 International Conference on Mechatronics, Robotics, and Artificial Intelligence (MRAI)","","10.1109/mrai65197.2025.11135756","https://consensus.app/papers/multiagent-llm-collaboration-for-adaptive-code-review-sharanarthi-polineni/53c2264bf53b5eceb853d1b08448218f/"
"Multi-Agent Systems for Dataset Adaptation in Software Engineering: Capabilities, Limitations, and Future Directions","Current multi-agent systems can identify key files and generate partial adaptations, but rarely produce functionally correct implementations; prompt-level interventions can improve structural similarity to ground truth.","Jingyi Chen, Xiaoyang Guo, Songqiang Chen, Shing-Chi Cheung, Jiasi Shen",2025,0,"Automating the adaptation of software engineering (SE) research artifacts across datasets is essential for scalability and reproducibility, yet it remains largely unstudied. Recent advances in large language model (LLM)-based multi-agent systems, such as GitHub Copilot's agent mode, promise to automate complex development workflows through coordinated reasoning, code generation, and tool interaction. This paper presents the first empirical study on how state-of-the-art multi-agent systems perform in dataset adaptation tasks. We evaluate Copilot, backed by GPT-4.1 and Claude Sonnet 4, on adapting SE research artifacts from benchmark repositories including ROCODE and LogHub2.0. Through a five-stage evaluation pipeline (file comprehension, code editing, command generation, validation, and final execution), we measure success rates, analyze failure patterns, and assess prompt-based interventions designed to enhance agent performance. Results show that current systems can identify key files and generate partial adaptations but rarely produce functionally correct implementations. Prompt-level interventions, especially providing execution error messages and reference code, substantially improve structural similarity to ground truth (from 7.25% to 67.14%), highlighting the importance of contextual and feedback-driven guidance. Our findings reveal both the promise and limitations of today's multi-agent LLM systems for dataset adaptation, and suggest concrete directions for building more reliable, self-correcting agents in future SE research.","","ArXiv","","10.48550/arxiv.2511.21380","https://consensus.app/papers/multiagent-systems-for-dataset-adaptation-in-software-chen-guo/2cd15852a16755c4a38c939b4e269d18/"
